flow rate / ml/min,volume fraction
3.4009,0.83801
7.495642,0.82814
5.462,0.8817
2.58724,0.8427
2.39524,0.8362
2.64609,0.85
6.39194,0.841885
7.15428,0.82887
6.1708,0.8454
3.964,0.8416
1.7835,0.794112
1.2229,0.78076
7.019,0.8386
2.676179,0.81864
1.3845,0.7004
1.1365,0.764
4.022,0.84778
1.9196,0.827
7.1504,0.8139
1.23905,0.6803
7.35,0.8345
1.4217,0.6804
4.3165,0.80711
0.9,0.6
